CommonName	GeneID	Family	DAP-methylated/DAP-unmethylated	Amp-methylated/Amp-unmethylated	Correlation_5mC_vs_BindingFC	P_Value	Group
SlWRKY11	Solyc08g006320.2	WRKY	-1.13586053756888	0.0894275398365382	-0.378795022654824	0	methylation-inhibited
APETALA2a	Solyc03g044300.2	AP2	-1.14136538914695	-0.322384585279939	-0.321135098735958	2.2107546457043e-240	methylation-inhibited
LeZIP2	Solyc01g079480.2	bZIP	-1.14210380433649	0.588841672097217	-0.5195037688013	0	methylation-inhibited
SlNAM4	Solyc06g073050.2	NAC	-1.16099886594252	-0.672041163007767	-0.277458502173578	0	methylation-inhibited
SlWRKY7	Solyc04g078550.2	WRKY	-1.25571071861318	-0.08164416019259	-0.467879687719581	0	methylation-inhibited
SlTCP18	Solyc02g068200.1	TCP	-1.29434330102749	-2.94596192561741	0.0565926943758355	1.24619252135178e-20	methylation-inhibited
SlbHLH147(SlMYC2)	Solyc08g076930.1	bHLH	-1.31455524224355	0.153227213716953	-0.41441501299956	0	methylation-inhibited
SlMYB70	Solyc04g078420.1	MYB	-1.399026944924	-1.12107046436418	-0.5861131035042	0	methylation-inhibited
SlDRP1	Solyc01g096050.2	bHLH	-1.4640792012257	0.612368688865108			methylation-inhibited
SlWRKY81	Solyc09g015770.2	WRKY	-1.56403730978457	0.199027815157933	-0.58374269100504	0	methylation-inhibited
NAC-NOR	Solyc10g006880.2	NAC	-1.66212868996551	0.210628521374798	-0.648402139497066	0	methylation-inhibited
SolycHsfB2b	Solyc08g080540.2	HSF	-1.70256707284887	-0.41787209330593	-0.512068197651362	0	methylation-inhibited
SlZIP3	Solyc01g109880.2	bZIP	-1.71417647354128	0.146282666590757	-0.495418572420505	0	methylation-inhibited
PTI4	Solyc05g052050.1	ERF	-1.97214672103753	-0.668970915081231	-0.421043400153636	0	methylation-inhibited
SlZIP7	Solyc04g080740.1	bZIP	-2.00018914325488	-0.0202133843048739	-0.579928091296759	0	methylation-inhibited
Sl-ERF_F_5	Solyc10g009110.1	ERF	-2.02687520605413	-1.28706997980177	-0.57387406095478	0	methylation-inhibited
SolycHsfB1	Solyc02g090820.2	HSF	-2.11338034514556	-1.13579150625462	-0.577692514839458	0	methylation-inhibited
SlWRKY6	Solyc02g080890.2	WRKY	-2.12886749508105	-0.137618174649837	-0.570183172353279	0	methylation-inhibited
SlWRKY23	Solyc01g079260.2	WRKY	-2.18213468867811	-0.155397389590169	-0.612734904084573	0	methylation-inhibited
SlERF1a-2	Solyc03g093540.1	ERF	-2.25693036709958	-1.10239110168515	-0.430159059344522	0	methylation-inhibited
SlbHLH014	Solyc02g079970.2	bHLH	-2.25808522344269	0.226694747474353	-0.799165233229496	0	methylation-inhibited
DREB3	Solyc04g072900.1	ERF	-2.32031176800727	0.153649249451674	-0.536722983101731	0	methylation-inhibited
SolycHsfC1	Solyc12g007070.1	HSF	-2.35613691701633	-0.318142517931214	-0.577898808563996	0	methylation-inhibited
SlGABL2	Solyc02g084230.1	BBR-BPC	-2.40410314692619	-1.12587386071939	-0.285392313286963	0	methylation-inhibited
SlGABL4	Solyc04g081170.2	BBR-BPC	-2.41359629533275	-1.70289563391443	-0.27235886028353	0	methylation-inhibited
SlTCP12	Solyc11g020670.1	TCP	-2.49594178131559	-2.06208878344726	0.0705608522651605	1.81888944500652e-30	methylation-inhibited
CNR	Solyc02g077920.2	SBP	-2.60517627585082	0.507517641047267	-0.49394828895612	0	methylation-inhibited
SlWRKY40	Solyc06g068460.2	WRKY	-2.75655871081291	-0.441805010193319	-0.683723033094925	0	methylation-inhibited
SlERF4-1	Solyc12g009240.1	ERF	-2.84418233395658	0.274505860698418	-0.452191044998667	0	methylation-inhibited
Sl-ERF_E_4	Solyc01g065980.2	ERF	-2.85750213727567	-0.492277131555774	-0.642929601901231	0	methylation-inhibited
SlERF1	Solyc05g052410.1	ERF	-3.44655142828794	0.609734983704744	-0.59165967135379	0	methylation-inhibited
Sl-ERF_C_6	Solyc03g093560.1	ERF	-3.55963042706602	-0.873991833609818	-0.718516536208312	0	methylation-inhibited
CBF2	Solyc03g124110.1	ERF	-3.6765468184897	0.863529237150949	-0.673559103290195	0	methylation-inhibited
SlERF36	Solyc10g006130.1	ERF	-3.68110032107667	-0.610921255932643	-0.561565335797017	0	methylation-inhibited
Sl-ERF_C_4	Solyc03g123500.2	ERF	-3.69423183467654	0.174563201070604	-0.679505396145626	0	methylation-inhibited
SlERF5	Solyc04g078640.1	ERF	-3.88135808954178	0.0624401356590596	-0.712542705309083	0	methylation-inhibited
Sl-ERF_F_2	Solyc07g064890.1	ERF	-3.89825057922893	-0.710894340871615	-0.483178415574591	0	methylation-inhibited
SlZIP1	Solyc01g110480.2	bZIP	-4.08503910605096	0.021951173625153	-0.356858347642905	0	methylation-inhibited
ERF10	Solyc08g007820.1	ERF	-4.22733884891444	0.71749316012295	-0.705033650970514	0	methylation-inhibited
SlERF4-2	Solyc05g050830.1	ERF	-4.22962937704528	1.1176690666428	-0.57715476435944	0	methylation-inhibited
ERF9	Solyc11g012980.1	ERF	-4.83004001265241	0.0928868941626294	-0.779107235990197	0	methylation-inhibited
Sl-ERF_F_4	Solyc07g053740.1	ERF	-5.01926714936916	-1.0881647955328	-0.573071992183303	0	methylation-inhibited
SlMADF1	Solyc12g043090.1	Trihelix	-6.38510239950485	-1.34307395287052	-0.645562014397158	0	methylation-inhibited
SlMYBL1	Solyc04g005100.2	MYB_related	0.599499979333566	1.22771275983781	-0.0572166487068678	2.66371833793928e-58	methylation-insensitive
SlHZIP2	Solyc06g053220.2	HD-ZIP	0.476941311449564	-0.0831341503980646	-0.087027770528207	4.13602578429744e-131	methylation-insensitive
Dof4	Solyc02g090310.1	Dof	0.475538440242204	0.15833484752866	-0.140214028682088	2.08933564357356e-146	methylation-insensitive
SlZF2	Solyc01g107170.2	C2H2	0.443938937188379	0.798996485127797	-0.625344386508712	0	methylation-insensitive
EIL3	Solyc01g096810.2	EIL	0.316347324611324	0.544815654755613	-0.229837826897443	0	methylation-insensitive
SlNAM1	Solyc06g060230.2	NAC	0.244358270666861	-0.708938842986898	-0.502472747346772	0	methylation-insensitive
EIL4	Solyc06g073730.1	EIL	-0.0169426806350038	0.0700915410012323	-0.22333986188012	0	methylation-insensitive
EIL2	Solyc01g009170.2	EIL	-0.1912819722295	0.555229371505617	-0.171556527083169	0	methylation-insensitive
EIL1	Solyc06g073720.1	EIL	-0.199989470438964	-0.201188616475373	-0.371406639376888	4.17679066820062e-50	methylation-insensitive
VAHOX1	Solyc03g113270.2	HD-ZIP	-0.430527411802226	-0.636056795507484	-0.137290157355271	1.98342273915902e-133	methylation-insensitive
SlZF3	Solyc07g006880.1	C2H2	-0.483259622202936	-0.845896489299771	-0.410685801446118	1.28098770146932e-227	methylation-insensitive
SlHB1	Solyc02g086930.2	HD-ZIP	-0.512185484474856	-0.947405074112955	-0.183630009416343	0	methylation-insensitive
SolycHsfA2	Solyc08g062960.2	HSF	-0.51854113931859	-0.724559579469225	-0.501896570526565	0	methylation-insensitive
SlWOX14	Solyc02g082670.2	WOX	-0.574981929264499	-0.284550688388105	-0.305822858829226	0	methylation-insensitive
SlMYB44	Solyc02g092930.1	MYB	-0.847725696835609	-0.269817086227307	-0.41341562438365	0	methylation-insensitive
SlWRKY41	Solyc01g095630.2	WRKY	-0.861531712859742	0.395745999672196	-0.413270861004314	0	methylation-insensitive
SolycHsfA7	Solyc09g065660.2	HSF	-0.895400611061813	-0.120744941231132	-0.251910210373156	0	methylation-insensitive
SlTCP15	Solyc01g008230.2	TCP	-1.08471157023908	-2.06077312496082	0.0654782182600084	1.37480849626808e-14	methylation-insensitive
SlMYBL2	Solyc03g119740.2	MYB	3.17673957197039	7.85138140259846	-0.336255301918408	0	methylation-preferred
SlDof14	Solyc03g121400.1	Dof	1.90810160090767	0.350501604116787	-0.0958505225614474	3.53689553993841e-135	methylation-preferred
LES1	Solyc06g071230.2	MYB_related	1.81467364745768	1.16662791302814	0.16022553945138	0	methylation-preferred
SlGT2	Solyc11g005380.1	Trihelix	1.53705346932124	-0.181489967307582	0.195684117720814	0	methylation-preferred
Sl-ERF_F_3	Solyc07g049490.1	ERF	1.36482717656584	3.06948685564669	-0.587651471501901	0	methylation-preferred
SlHZIP3	Solyc08g083130.2	HD-ZIP	1.12938190539878	-0.291574364548431	0.0622684872612103	2.31798621953618e-105	methylation-preferred
CZFP1	Solyc04g077980.1	C2H2	1.08767264443198	1.22109279407478	-0.674151556593744	0	methylation-preferred
SlMYBL3	Solyc03g113620.2	MYB_related	1.02388999242405	1.72913821175849	-0.0489217930156604	5.69764625156938e-66	methylation-preferred
